class,current_delta_pp,1s_delta_pp,2s_delta_pp,3s_delta_pp,future_mean_delta_pp
others,-0.006403346534622045,0.022000952074659352,-0.0587981793119674,-0.09364844051239807,-0.04348188924990204
barrier,-0.022835627632808553,-0.06137202299281341,-0.06065368849149877,-0.01356249384210173,-0.04519606844213797
bicycle,0.29678933851594635,0.5765038636839872,0.3169795663725541,0.3555848373183714,0.4163560891249709
bus,0.1277485236473339,-0.1325985642511256,-0.07703980424018297,-0.061136096797865136,-0.09025815509639123
car,0.021434281736553373,0.022085645148308686,-0.0074827286218948075,-0.030306607722199175,-0.005234563731928432
construction_vehicle,-0.05558950210378555,0.05605611548741862,-0.06592085630595435,0.010843470236416408,0.000326243139293562
motorcycle,0.10946742892886974,0.20066484640820015,0.25555099834112127,0.13966711229441042,0.1986276523479106
pedestrian,-0.0874382824557216,-0.12499022834097318,-0.07511958486164794,-0.0448295962520624,-0.08164646981822783
traffic_cone,-0.07605606494134065,-0.0812863870103051,-0.07710795986201724,-0.08199437443381719,-0.08012957376871317
trailer,0.15526072492593812,0.311954105847736,0.1936544362634649,0.20049106527899596,0.23536653579673228
truck,0.06201993071107026,0.03376648612496069,-0.10417228341234264,-0.11110465584924611,-0.06050348437887602
driveable_surface,-0.0899047050079389,-0.12285077223667429,-0.17887909225375154,-0.24673011995515992,-0.18281999481519526
other_flat,0.0503064963214257,-0.028623046557818554,0.013336373264841939,-0.013921794193173298,-0.009736155828716639
sidewalk,-0.02796646047804785,-0.059257734692621966,-0.09296658253330747,-0.09530983508613389,-0.0825113841040211
terrain,-0.11662753613009613,-0.15112200694709088,-0.1836204952057301,-0.17445344233102844,-0.16973198149461646
manmade,0.0744131937338608,0.04444156854827952,0.05788049658574934,0.023198061535946835,0.041840042223325234
vegetation,-0.031141272980541146,-0.03955207742738054,-0.039192311755492426,-0.04870774118674248,-0.04248404345653848
